[
  {
    "codeType": "CHECK_ITEM_CONFIG_TYPE@CS_IR",
    "codeValue": "0",
    "codeName": "语音考评项",
    "codeDesc": "语言考评项",
    "sortId": 0,
    "state": "1"
  },
  {
    "codeType": "CHECK_ITEM_CONFIG_TYPE@CS_IR",
    "codeValue": "1",
    "codeName": "工单考评项",
    "codeDesc": "工单考评项",
    "sortId": 1,
    "state": "1"
  },
  {
    "codeType": "CHECK_ITEM_CONFIG_TYPE@CS_IR",
    "codeValue": "2",
    "codeName": "电商平台考评项",
    "codeDesc": "电商平台考评项",
    "sortId": 2,
    "state": "1"
  },
  {
    "codeType": "CHECK_ITEM_CONFIG_TYPE@CS_IR",
    "codeValue": "3",
    "codeName": "互联网考评项",
    "codeDesc": "互联网考评项",
    "sortId": 3,
    "state": "1"
  }
]