[
  {
    "codeType": "TENANT_TYPE@CS_IR",
    "codeValue": "-1",
    "codeName": "全部",
    "codeDesc": "全部",
    "sortId": 0,
    "state": "1"
  },
  {
    "codeType": "TENANT_TYPE@CS_IR",
    "codeValue": "0",
    "codeName": "未发布",
    "codeDesc": "未发布",
    "sortId": 0,
    "state": "1"
  },
  {
    "codeType": "TENANT_TYPE@CS_IR",
    "codeValue": "1",
    "codeName": "发布",
    "codeDesc": "发布",
    "sortId": 0,
    "state": "1"
  },
  {
    "codeType": "TENANT_TYPE@CS_IR",
    "codeValue": "2",
    "codeName": "暂停",
    "codeDesc": "暂停",
    "sortId": 0,
    "state": "1"
  }
]