[
  {
    "codeType": "CHECK_ITEM_TYPE@CS_IR",
    "codeValue": "-1",
    "codeName": "全部",
    "codeDesc": "全部",
    "sortId": 0,
    "state": "1"
  },
  {
    "codeType": "CHECK_ITEM_TYPE@CS_IR",
    "codeValue": "0",
    "codeName": "未分配",
    "codeDesc": "未分配",
    "sortId": 0,
    "state": "1"
  },
  {
    "codeType": "CHECK_ITEM_TYPE@CS_IR",
    "codeValue": "1",
    "codeName": "已分配",
    "codeDesc": "已分配",
    "sortId": 0,
    "state": "1"
  }
]