[
  {
    "index": 1,
    "name": "资费套餐",
    "children": [
      {
        "name": "资费套餐1"
      },
      {
        "name": "资费套餐2"
      },
      {
        "name": "资费套餐3"
      }
    ]
  },
  {
    "index": 2,
    "name": "国际业务",
    "children": [
      {
        "name": "国际业务1"
      },
      {
        "name": "国际业务3"
      },
      {
        "name": "国际业务2"
      }
    ]
  },
  {
    "index": 3,
    "name": "营销活动",
    "children": [
      {
        "name": "营销活动1"
      },
      {
        "name": "营销活动2"
      },
      {
        "name": "营销活动3"
      }
    ]
  }
]