[
  {
    "codeType": "PLAN_RUN_TYPE@CS_IR",
    "codeValue": "0",
    "codeName": "每天自动执行",
    "codeDesc": "每天自动执行",
    "sortId": 0,
    "state": "1"
  },
  {
    "codeType": "PLAN_RUN_TYPE@CS_IR",
    "codeValue": "1",
    "codeName": "执行一次",
    "codeDesc": "执行一次",
    "sortId": 1,
    "state": "1"
  },
  {
    "codeType": "PLAN_RUN_TYPE@CS_IR",
    "codeValue": "2",
    "codeName": "手动执行",
    "codeDesc": "手动执行",
    "sortId": 2,
    "state": "1"
  }
]