[
  {
    "codeType": "PROCESS_STATUS@CS_IR",
    "codeValue": "4",
    "codeName": "全部",
    "codeDesc": "全部状态",
    "sortId": 0,
    "state": "1"
  },
  {
    "codeType": "PROCESS_STATUS@CS_IR",
    "codeValue": "0",
    "codeName": "未启动",
    "codeDesc": "流程未启动",
    "sortId": 1,
    "state": "1"
  },
  {
    "codeType": "PROCESS_STATUS@CS_IR",
    "codeValue": "1",
    "codeName": "启动",
    "codeDesc": "流程启动",
    "sortId": 2,
    "state": "1"
  },
  {
    "codeType": "PROCESS_STATUS@CS_IR",
    "codeValue": "2",
    "codeName": "暂停",
    "codeDesc": "流程暂停",
    "sortId": 3,
    "state": "1"
  }
]