[
  {
    "id": 1,
    "text": "适用地区",
    "children": [
      {
        "id": 11,
        "text": "全国"
      },
      {
        "id": 12,
        "text": "北京"
      },
      {
        "id": 13,
        "text": "广东"
      },
      {
        "id": 14,
        "text": "上海"
      },
      {
        "id": 15,
        "text": "天津"
      },
      {
        "id": 16,
        "text": "重庆"
      },
      {
        "id": 17,
        "text": "辽宁"
      },
      {
        "id": 18,
        "text": "江苏"
      },
      {
        "id": 19,
        "text": "湖北"
      },
      {
        "id": 20,
        "text": "四川"
      },
      {
        "id": 21,
        "text": "陕西"
      },
      {
        "id": 22,
        "text": "河北"
      },
      {
        "id": 23,
        "text": "山西"
      },
      {
        "id": 24,
        "text": "河南"
      },
      {
        "id": 25,
        "text": "吉林"
      },
      {
        "id": 26,
        "text": "河北"
      },
      {
        "id": 27,
        "text": "黑龙江"
      },
      {
        "id": 28,
        "text": "内蒙古"
      },
      {
        "id": 29,
        "text": "山东"
      },
      {
        "id": 30,
        "text": "安徽"
      },
      {
        "id": 31,
        "text": "浙江"
      },
      {
        "id": 32,
        "text": "福建"
      },
      {
        "id": 33,
        "text": "湖南"
      },
      {
        "id": 34,
        "text": "广西"
      },
      {
        "id": 35,
        "text": "江西"
      },
      {
        "id": 36,
        "text": "贵州"
      },
      {
        "id": 37,
        "text": "云南"
      },
      {
        "id": 38,
        "text": "西藏"
      },
      {
        "id": 39,
        "text": "海南"
      },
      {
        "id": 40,
        "text": "甘肃"
      },
      {
        "id": 41,
        "text": "宁夏"
      },
      {
        "id": 42,
        "text": "青海"
      },
      {
        "id": 43,
        "text": "新疆"
      },
      {
        "id": 44,
        "text": "商旅"
      }
    ]
  }
]