{
  "total": 15,
  "rows": [
    {
      "skillId": 1000154,
      "skillName": "电话",
      "skillDesc": "",
      "priorityOrder": 1,
      "queueMaxSize": 90,
      "queueTimeout": 60,
      "isOverflow": null,
      "overflowSkill": 0,
      "overflowSkillName": null,
      "opTime": "2017-05-10 15:33:27.0",
      "remark1": null,
      "remark2": null,
      "remark3": null,
      "skillType": 2
    },
    {
      "skillId": 1000120,
      "skillName": "电话",
      "skillDesc": "1",
      "priorityOrder": 1,
      "queueMaxSize": 11,
      "queueTimeout": 60,
      "isOverflow": null,
      "overflowSkill": 0,
      "overflowSkillName": null,
      "opTime": "2017-05-10 15:33:04.0",
      "remark1": null,
      "remark2": null,
      "remark3": null,
      "skillType": 1
    },
    {
      "skillId": 1000151,
      "skillName": "互联网",
      "skillDesc": "1231",
      "priorityOrder": 2,
      "queueMaxSize": 45,
      "queueTimeout": 60,
      "isOverflow": null,
      "overflowSkill": 0,
      "overflowSkillName": null,
      "opTime": "2017-05-10 15:32:38.0",
      "remark1": null,
      "remark2": null,
      "remark3": null,
      "skillType": 2
    },
    {
      "skillId": 1000149,
      "skillName": "test_ykkkkkk",
      "skillDesc": "二次测试",
      "priorityOrder": 4,
      "queueMaxSize": 50,
      "queueTimeout": 35,
      "isOverflow": null,
      "overflowSkill": 0,
      "overflowSkillName": null,
      "opTime": "2017-05-09 21:42:03.0",
      "remark1": null,
      "remark2": null,
      "remark3": null,
      "skillType": 1
    },
    {
      "skillId": 1000148,
      "skillName": "test_wangty",
      "skillDesc": "test_wangty",
      "priorityOrder": 4,
      "queueMaxSize": 10,
      "queueTimeout": 100,
      "isOverflow": null,
      "overflowSkill": 0,
      "overflowSkillName": null,
      "opTime": "2016-12-07 11:07:37.0",
      "remark1": null,
      "remark2": null,
      "remark3": null,
      "skillType": 1
    },
    {
      "skillId": 1000146,
      "skillName": "dd",
      "skillDesc": "sff",
      "priorityOrder": 2,
      "queueMaxSize": 23,
      "queueTimeout": 23,
      "isOverflow": null,
      "overflowSkill": 0,
      "overflowSkillName": null,
      "opTime": "2016-12-05 13:50:01.0",
      "remark1": null,
      "remark2": null,
      "remark3": null,
      "skillType": 2
    },
    {
      "skillId": 1000136,
      "skillName": "fgg",
      "skillDesc": "4w3",
      "priorityOrder": 1,
      "queueMaxSize": 46,
      "queueTimeout": 34,
      "isOverflow": null,
      "overflowSkill": 0,
      "overflowSkillName": null,
      "opTime": "2016-12-05 13:44:07.0",
      "remark1": null,
      "remark2": null,
      "remark3": null,
      "skillType": 2
    },
    {
      "skillId": 1000143,
      "skillName": "学习",
      "skillDesc": "very funny",
      "priorityOrder": 3,
      "queueMaxSize": 15,
      "queueTimeout": 30,
      "isOverflow": null,
      "overflowSkill": 0,
      "overflowSkillName": null,
      "opTime": "2016-12-05 13:33:44.0",
      "remark1": null,
      "remark2": null,
      "remark3": null,
      "skillType": 3
    },
    {
      "skillId": 1000137,
      "skillName": "zhangzj",
      "skillDesc": "",
      "priorityOrder": 2,
      "queueMaxSize": 1,
      "queueTimeout": 30,
      "isOverflow": null,
      "overflowSkill": 0,
      "overflowSkillName": null,
      "opTime": "2016-12-02 10:35:38.0",
      "remark1": null,
      "remark2": null,
      "remark3": null,
      "skillType": 1
    },
    {
      "skillId": 1000118,
      "skillName": "二等",
      "skillDesc": "111",
      "priorityOrder": 4,
      "queueMaxSize": 11,
      "queueTimeout": 5,
      "isOverflow": null,
      "overflowSkill": 1000111,
      "overflowSkillName": null,
      "opTime": "2016-11-08 10:57:30.0",
      "remark1": null,
      "remark2": null,
      "remark3": null,
      "skillType": 1
    }
  ]
}