[
  {
    "codeType": "SKILL_PRIORITY@CS_IR",
    "codeValue": "1",
    "codeName": "高",
    "codeDesc": "技能优先级",
    "sortId": 0,
    "state": "1"
  },
  {
    "codeType": "SKILL_PRIORITY@CS_IR",
    "codeValue": "2",
    "codeName": "中",
    "codeDesc": "技能优先级",
    "sortId": 0,
    "state": "1"
  },
  {
    "codeType": "SKILL_PRIORITY@CS_IR",
    "codeValue": "3",
    "codeName": "低",
    "codeDesc": "技能优先级",
    "sortId": 0,
    "state": "1"
  },
  {
    "codeType": "SKILL_PRIORITY@CS_IR",
    "codeValue": "4",
    "codeName": "很低",
    "codeDesc": "技能优先级",
    "sortId": 0,
    "state": "1"
  }
]