[
  {
    "codeType": "TENANT_TYPE@CS_IR",
    "codeValue": "0",
    "codeName": "录音考评模板",
    "codeDesc": "未发布",
    "sortId": 0,
    "state": "1"
  },
  {
    "codeType": "TENANT_TYPE@CS_IR",
    "codeValue": "1",
    "codeName": "工单考评模板",
    "codeDesc": "工单考评模板",
    "sortId": 0,
    "state": "1"
  },
  {
    "codeType": "TENANT_TYPE@CS_IR",
    "codeValue": "2",
    "codeName": "互联网考评模板",
    "codeDesc": "互联网考评模板",
    "sortId": 0,
    "state": "1"
  }
]